{
  "catalystStack": {
    "registryName": {
      "domain": "arsmagica2",
      "path": "block"
    },
    "meta": 3
  },
  "components": [
    {
      "weight": 50,
      "oreName": "oreVinteum"
    },
    {
      "weight": 100,
      "oreName": "oreChimerite"
    },
    {
      "weight": 10,
      "oreName": "oreBlueTopaz"
    },
    {
      "weight": 250,
      "oreName": "oreSunstone"
    },
    {
      "weight": 400,
      "oreName": "arsmagica2:block:3"
    }
  ],
  "explosionStrength": 50.0,
  "radius": 8,
  "maxWeight": 1000,
  "version": 1
}